seq,pwm,rpm,thrust,voltage,current,watts,gpwatt
1,1000,0,0.00,16.79,0.86,14.41,0.000
2,1000,0,0.00,16.79,0.86,14.36,0.000
3,1002,0,0.00,16.78,0.86,14.43,0.000
4,1002,0,0.00,16.79,0.86,14.42,0.000
5,1004,0,0.00,16.79,0.85,14.32,0.000
6,1004,0,0.00,16.78,0.85,14.35,0.000
7,1006,0,0.00,16.79,0.86,14.45,0.000
8,1006,0,0.00,16.79,0.85,14.35,0.000
9,1008,0,0.00,16.78,0.86,14.42,0.000
10,1008,0,0.00,16.79,0.86,14.39,0.000
11,1010,0,0.00,16.79,0.85,14.23,0.000
12,1010,0,0.00,16.78,0.85,14.34,0.000
13,1012,0,0.00,16.79,0.86,14.39,0.000
14,1012,0,0.00,16.78,0.85,14.19,0.000
15,1014,0,0.00,16.78,0.86,14.46,0.000
16,1014,0,0.00,16.78,0.88,14.68,0.000
17,1016,0,0.00,16.78,0.88,14.81,0.000
18,1016,0,0.00,16.77,1.32,22.08,0.000
19,1018,0,0.00,16.76,1.95,32.61,0.000
20,1018,0,4.32,16.76,2.05,34.28,0.126
21,1020,0,7.93,16.76,1.90,31.88,0.249
22,1020,0,10.50,16.76,1.71,28.64,0.366
23,1022,0,12.38,16.77,1.55,26.04,0.475
24,1022,0,14.32,16.77,1.47,24.66,0.581
25,1024,0,15.65,16.77,1.46,24.55,0.638
26,1024,0,16.62,16.77,1.43,24.01,0.692
27,1026,0,19.61,16.77,1.38,23.22,0.844
28,1026,0,20.96,16.76,1.34,22.42,0.935
29,1028,0,22.48,16.77,1.30,21.86,1.029
30,1028,0,24.32,16.77,1.28,21.41,1.136
31,1030,0,25.05,16.77,1.26,21.16,1.183
32,1030,0,26.68,16.77,1.25,21.04,1.268
33,1032,0,27.71,16.77,1.24,20.84,1.330
34,1032,0,28.66,16.77,1.23,20.57,1.394
35,1034,0,29.89,16.77,1.23,20.58,1.452
36,1034,0,30.74,16.77,1.22,20.50,1.499
37,1036,0,31.20,16.77,1.23,20.59,1.516
38,1036,0,32.20,16.77,1.24,20.79,1.548
39,1038,0,32.56,16.77,1.23,20.59,1.582
40,1038,0,33.39,16.77,1.23,20.57,1.624
41,1040,0,33.96,16.77,1.22,20.43,1.662
42,1040,0,34.67,16.77,1.22,20.52,1.690
43,1042,0,36.24,16.77,1.22,20.46,1.771
44,1042,0,36.82,16.77,1.23,20.58,1.790
45,1044,0,36.98,16.77,1.23,20.63,1.793
46,1044,0,37.81,16.77,1.24,20.78,1.819
47,1046,0,38.86,16.77,1.25,21.04,1.847
48,1046,0,39.47,16.77,1.25,21.02,1.878
49,1048,0,40.69,16.77,1.25,20.90,1.947
50,1048,0,41.00,16.77,1.26,21.17,1.937
51,1050,0,41.64,16.77,1.26,21.20,1.965
52,1050,0,42.01,16.77,1.27,21.27,1.975
53,1052,0,42.15,16.77,1.27,21.35,1.974
54,1052,0,42.68,16.77,1.28,21.42,1.992
55,1054,0,43.32,16.77,1.28,21.50,2.015
56,1054,0,44.36,16.77,1.28,21.52,2.061
57,1056,0,44.65,16.77,1.29,21.56,2.071
58,1056,0,46.00,16.76,1.31,21.93,2.098
59,1058,0,47.00,16.77,1.31,22.02,2.135
60,1058,0,47.58,16.77,1.32,22.18,2.145
61,1060,0,48.12,16.76,1.34,22.40,2.149
62,1060,0,48.85,16.77,1.33,22.23,2.198
63,1062,0,49.75,16.77,1.32,22.18,2.243
64,1062,0,50.09,16.77,1.33,22.33,2.244
65,1064,0,51.03,16.77,1.34,22.39,2.279
66,1064,0,50.96,16.77,1.33,22.34,2.281
67,1066,0,51.16,16.77,1.34,22.53,2.271
68,1066,0,51.51,16.77,1.36,22.80,2.259
69,1068,0,52.42,16.77,1.38,23.21,2.258
70,1068,0,52.86,16.77,1.39,23.36,2.263
71,1070,0,54.85,16.77,1.38,23.17,2.368
72,1070,0,57.15,16.77,1.39,23.24,2.459
73,1072,0,57.55,16.77,1.39,23.36,2.463
74,1072,0,57.81,16.77,1.40,23.45,2.466
75,1074,0,58.25,16.76,1.41,23.59,2.470
76,1074,0,58.49,16.77,1.41,23.71,2.467
77,1076,0,59.00,16.77,1.42,23.80,2.479
78,1076,0,59.71,16.77,1.42,23.80,2.509
79,1078,0,59.92,16.77,1.43,23.97,2.500
80,1078,0,60.85,16.76,1.45,24.25,2.509
81,1080,0,62.08,16.77,1.45,24.28,2.557
82,1080,0,62.95,16.76,1.44,24.18,2.603
83,1082,0,63.13,16.77,1.45,24.32,2.596
84,1082,0,63.81,16.77,1.45,24.37,2.619
85,1084,0,63.92,16.77,1.49,24.94,2.563
86,1084,0,64.69,16.76,1.48,24.86,2.602
87,1086,0,66.53,16.76,1.48,24.86,2.677
88,1086,0,67.09,16.77,1.48,24.78,2.708
89,1088,0,67.52,16.77,1.48,24.81,2.721
90,1088,0,68.05,16.77,1.49,25.02,2.720
91,1090,0,68.69,16.76,1.51,25.25,2.721
92,1090,0,69.79,16.77,1.51,25.33,2.755
93,1092,0,69.82,16.76,1.51,25.27,2.763
94,1092,0,70.00,16.76,1.52,25.56,2.739
95,1094,0,70.64,16.76,1.53,25.60,2.759
96,1094,0,71.50,16.77,1.55,25.91,2.759
97,1096,0,72.06,16.76,1.54,25.89,2.783
98,1096,0,72.26,16.77,1.56,26.16,2.762
99,1098,0,72.87,16.77,1.55,25.96,2.807
100,1098,0,74.41,16.77,1.55,25.94,2.869
101,1100,0,74.41,16.76,1.56,26.06,2.855
102,1100,0,75.19,16.76,1.58,26.50,2.837
103,1102,0,75.57,16.77,1.58,26.48,2.854
104,1102,0,75.91,16.76,1.58,26.51,2.864
105,1104,0,77.06,16.76,1.59,26.59,2.899
106,1104,0,77.25,16.76,1.60,26.84,2.878
107,1106,0,78.19,16.76,1.63,27.29,2.865
108,1106,0,78.47,16.76,1.65,27.58,2.845
109,1108,0,79.92,16.76,1.63,27.39,2.918
110,1108,0,80.64,16.77,1.63,27.26,2.958
111,1110,0,81.52,16.77,1.63,27.31,2.984
112,1110,0,82.00,16.76,1.64,27.54,2.978
113,1112,0,82.55,16.76,1.66,27.80,2.970
114,1112,0,83.86,16.77,1.67,27.96,2.999
115,1114,0,84.98,16.76,1.65,27.71,3.067
116,1114,0,86.38,16.76,1.66,27.82,3.105
117,1116,0,86.56,16.76,1.69,28.24,3.065
118,1116,0,87.21,16.76,1.70,28.55,3.055
119,1118,0,87.44,16.76,1.71,28.72,3.045
120,1118,0,88.12,16.76,1.71,28.72,3.068
121,1120,0,89.04,16.76,1.71,28.58,3.116
122,1120,0,89.40,16.76,1.71,28.72,3.112
123,1122,0,90.37,16.76,1.73,29.00,3.116
124,1122,0,90.89,16.76,1.74,29.15,3.118
125,1124,0,91.68,16.76,1.76,29.49,3.109
126,1124,0,92.47,16.76,1.75,29.40,3.145
127,1126,0,93.00,16.76,1.76,29.51,3.151
128,1126,0,93.55,16.76,1.78,29.76,3.143
129,1128,0,94.82,16.76,1.78,29.86,3.176
130,1128,0,95.50,16.76,1.79,30.02,3.182
131,1130,0,96.18,16.76,1.80,30.21,3.184
132,1130,0,96.87,16.76,1.81,30.28,3.199
133,1132,0,97.31,16.76,1.81,30.34,3.207
134,1132,0,97.72,16.76,1.82,30.44,3.210
135,1134,0,98.87,16.76,1.82,30.50,3.241
136,1134,0,99.69,16.76,1.83,30.65,3.253
137,1136,0,100.71,16.76,1.83,30.73,3.277
138,1136,0,101.42,16.76,1.84,30.91,3.281
139,1138,0,102.16,16.76,1.85,30.97,3.298
140,1138,0,102.34,16.76,1.86,31.20,3.280
141,1140,0,103.03,16.76,1.85,30.98,3.325
142,1140,0,103.83,16.76,1.86,31.15,3.333
143,1142,0,104.41,16.76,1.86,31.19,3.348
144,1142,0,105.07,16.76,1.88,31.58,3.328
145,1144,0,106.30,16.76,1.89,31.73,3.350
146,1144,0,106.81,16.76,1.90,31.75,3.364
147,1146,0,107.47,16.76,1.90,31.76,3.384
148,1146,0,107.85,16.75,1.92,32.09,3.361
149,1148,0,108.30,16.76,1.88,31.43,3.445
150,1148,0,109.93,16.76,1.90,31.84,3.453
151,1150,0,109.98,16.76,1.92,32.13,3.423
152,1150,0,110.47,16.76,1.94,32.58,3.391
153,1152,0,111.09,16.76,1.95,32.70,3.397
154,1152,0,111.84,16.76,1.96,32.81,3.409
155,1154,0,112.88,16.75,1.97,32.95,3.426
156,1154,0,113.64,16.75,1.98,33.16,3.427
157,1156,0,114.38,16.75,1.98,33.16,3.450
158,1156,0,116.08,16.75,1.98,33.23,3.493
159,1158,0,116.31,16.76,1.99,33.36,3.486
160,1158,0,117.42,16.76,2.02,33.80,3.474
161,1160,0,117.93,16.76,2.02,33.86,3.483
162,1160,0,119.22,16.76,2.02,33.86,3.521
163,1162,0,120.27,16.75,2.02,33.76,3.563
164,1162,0,120.84,16.75,2.03,33.94,3.561
165,1164,0,122.00,16.75,2.05,34.36,3.550
166,1164,0,122.56,16.75,2.06,34.58,3.544
167,1166,0,124.25,16.75,2.07,34.67,3.583
168,1166,0,125.12,16.75,2.08,34.78,3.597
169,1168,0,126.13,16.75,2.10,35.15,3.588
170,1168,0,126.91,16.75,2.11,35.33,3.592
171,1170,0,127.96,16.75,2.11,35.34,3.620
172,1170,0,129.59,16.75,2.13,35.75,3.625
173,1172,0,130.25,16.75,2.12,35.53,3.666
174,1172,0,131.69,16.75,2.15,35.95,3.663
175,1174,0,132.72,16.75,2.15,36.00,3.687
176,1174,0,133.60,16.75,2.17,36.28,3.682
177,1176,0,134.58,16.75,2.19,36.68,3.669
178,1176,0,135.53,16.75,2.19,36.75,3.688
179,1178,0,136.47,16.75,2.20,36.90,3.699
180,1178,0,137.49,16.75,2.19,36.75,3.741
181,1180,0,138.75,16.75,2.19,36.68,3.783
182,1180,0,139.23,16.75,2.23,37.27,3.735
183,1182,0,140.05,16.75,2.26,37.80,3.705
184,1182,0,140.74,16.75,2.28,38.12,3.692
185,1184,0,141.61,16.75,2.27,38.07,3.720
186,1184,0,142.62,16.75,2.29,38.37,3.717
187,1186,0,143.64,16.75,2.29,38.29,3.751
188,1186,0,144.66,16.75,2.30,38.45,3.763
189,1188,0,145.93,16.75,2.31,38.65,3.776
190,1188,0,146.18,16.75,2.33,39.04,3.745
191,1190,0,146.53,16.75,2.33,39.06,3.751
192,1190,0,147.63,16.75,2.34,39.25,3.761
193,1192,0,147.94,16.75,2.35,39.37,3.758
194,1192,0,149.29,16.75,2.37,39.74,3.757
195,1194,0,149.81,16.75,2.37,39.75,3.769
196,1194,0,151.36,16.75,2.39,39.97,3.787
197,1196,0,152.66,16.75,2.40,40.22,3.796
198,1196,0,153.91,16.75,2.42,40.49,3.801
199,1198,0,155.10,16.75,2.42,40.51,3.829
200,1198,0,156.22,16.74,2.50,41.82,3.736
201,1200,0,158.20,16.75,2.48,41.60,3.803
202,1200,0,160.10,16.74,2.47,41.40,3.867
203,1202,0,161.39,16.74,2.47,41.37,3.901
204,1202,0,162.56,16.75,2.47,41.34,3.932
205,1204,0,163.32,16.74,2.49,41.76,3.911
206,1204,0,164.38,16.74,2.51,42.03,3.911
207,1206,0,164.98,16.74,2.51,41.95,3.932
208,1206,0,166.44,16.75,2.50,41.95,3.968
209,1208,0,168.07,16.75,2.53,42.44,3.960
210,1208,0,168.99,16.74,2.55,42.75,3.953
211,1210,0,170.31,16.74,2.56,42.89,3.971
212,1210,0,171.04,16.75,2.58,43.18,3.961
213,1212,0,172.31,16.74,2.59,43.29,3.980
214,1212,0,173.37,16.74,2.61,43.67,3.970
215,1214,0,174.87,16.74,2.60,43.57,4.014
216,1214,0,175.81,16.74,2.63,44.01,3.995
217,1216,0,176.96,16.74,2.64,44.22,4.002
218,1216,0,178.56,16.74,2.67,44.73,3.992
219,1218,0,179.24,16.74,2.65,44.33,4.043
220,1218,0,180.42,16.74,2.68,44.85,4.023
221,1220,0,180.85,16.74,2.71,45.31,3.992
222,1220,0,181.90,16.74,2.72,45.61,3.988
223,1222,0,183.37,16.74,2.74,45.87,3.997
224,1222,0,184.65,16.74,2.75,46.12,4.003
225,1224,0,185.85,16.74,2.76,46.23,4.020
226,1224,0,186.59,16.74,2.78,46.58,4.006
227,1226,0,187.63,16.74,2.79,46.70,4.017
228,1226,0,188.61,16.73,2.82,47.12,4.003
229,1228,0,189.90,16.74,2.83,47.38,4.008
230,1228,0,191.51,16.74,2.85,47.68,4.016
231,1230,0,192.82,16.74,2.85,47.79,4.035
232,1230,0,194.37,16.73,2.87,48.06,4.044
233,1232,0,195.97,16.73,2.89,48.36,4.052
234,1232,0,196.83,16.74,2.91,48.71,4.041
235,1234,0,197.63,16.74,2.93,49.09,4.026
236,1234,0,199.12,16.73,2.96,49.50,4.023
237,1236,8554,200.10,16.73,2.97,49.75,4.022
238,1236,8837,202.22,16.73,2.99,50.10,4.037
239,1238,8957,203.88,16.73,3.01,50.30,4.053
240,1238,9060,205.00,16.73,3.02,50.55,4.055
241,1240,9094,206.28,16.73,3.03,50.72,4.067
242,1240,9137,207.45,16.73,3.06,51.13,4.057
243,1242,9180,208.64,16.73,3.06,51.26,4.071
244,1242,9222,209.83,16.73,3.09,51.64,4.064
245,1244,9265,211.36,16.73,3.11,52.11,4.056
246,1244,9291,213.29,16.73,3.13,52.33,4.076
247,1246,9325,214.61,16.73,3.13,52.32,4.102
248,1246,9351,215.53,16.73,3.15,52.65,4.094
249,1248,9377,216.76,16.73,3.15,52.76,4.108
250,1248,9411,217.86,16.73,3.16,52.94,4.116
251,1250,9437,218.74,16.73,3.17,53.11,4.118
252,1250,9471,220.42,16.73,3.21,53.69,4.105
253,1252,9505,221.88,16.73,3.23,53.98,4.110
254,1252,9531,222.99,16.73,3.25,54.45,4.096
255,1254,9557,224.27,16.73,3.25,54.38,4.124
256,1254,9591,225.35,16.73,3.28,54.84,4.109
257,1256,9608,226.38,16.73,3.28,54.86,4.127
258,1256,9634,227.41,16.72,3.31,55.32,4.110
259,1258,9668,229.34,16.73,3.32,55.45,4.136
260,1258,9694,230.35,16.73,3.33,55.69,4.136
261,1260,9711,231.84,16.73,3.35,56.02,4.138
262,1260,9728,232.82,16.72,3.35,55.98,4.159
263,1262,9745,233.53,16.73,3.36,56.26,4.151
264,1262,9754,234.53,16.72,3.37,56.44,4.156
265,1264,9788,235.74,16.73,3.39,56.72,4.156
266,1264,9814,237.17,16.72,3.42,57.14,4.151
267,1266,9848,237.91,16.72,3.42,57.27,4.154
268,1266,9891,239.52,16.72,3.44,57.57,4.161
269,1268,9917,240.49,16.73,3.47,57.97,4.148
270,1268,9942,241.44,16.72,3.49,58.40,4.134
271,1270,9968,242.49,16.73,3.51,58.72,4.129
272,1270,9994,243.57,16.72,3.52,58.85,4.139
273,1272,10011,245.59,16.72,3.52,58.93,4.168
274,1272,10037,246.63,16.72,3.55,59.28,4.160
275,1274,10062,248.00,16.72,3.56,59.57,4.163
276,1274,10097,248.94,16.72,3.58,59.94,4.153
277,1276,10114,249.88,16.72,3.60,60.24,4.148
278,1276,10148,250.91,16.72,3.60,60.15,4.171
279,1278,10174,252.12,16.72,3.65,61.01,4.133
280,1278,10182,253.47,16.72,3.61,60.43,4.195
281,1280,10208,254.41,16.72,3.65,61.04,4.168
282,1280,10225,255.62,16.72,3.66,61.25,4.174
283,1282,10242,256.75,16.72,3.68,61.54,4.172
284,1282,10268,257.57,16.72,3.68,61.62,4.180
285,1284,10277,258.25,16.72,3.71,62.00,4.165
286,1284,10302,259.23,16.72,3.74,62.46,4.150
287,1286,10320,261.00,16.72,3.74,62.56,4.172
288,1286,10337,261.90,16.72,3.76,62.85,4.167
289,1288,10354,263.46,16.72,3.76,62.93,4.186
290,1288,10388,264.03,16.72,3.79,63.41,4.164
291,1290,10414,265.08,16.72,3.81,63.63,4.166
292,1290,10431,265.85,16.72,3.84,64.21,4.141
293,1292,10440,266.60,16.72,3.85,64.40,4.140
294,1292,10457,268.47,16.71,3.88,64.87,4.138
295,1294,10465,269.31,16.72,3.88,64.80,4.156
296,1294,10500,271.02,16.72,3.90,65.13,4.162
297,1296,10517,271.86,16.71,3.92,65.52,4.149
298,1296,10551,272.77,16.71,3.97,66.33,4.112
299,1298,10577,274.19,16.72,3.99,66.71,4.110
300,1298,10594,275.38,16.71,3.99,66.61,4.134
301,1300,10602,277.15,16.71,3.99,66.69,4.156
302,1300,10637,278.25,16.71,4.02,67.12,4.145
303,1302,10654,279.61,16.71,4.03,67.42,4.147
304,1302,10671,280.81,16.71,4.06,67.87,4.138
305,1304,10697,282.00,16.71,4.08,68.13,4.139
306,1304,10714,283.00,16.71,4.08,68.27,4.145
307,1306,10740,284.03,16.71,4.11,68.68,4.136
308,1306,10774,285.23,16.71,4.14,69.12,4.126
309,1308,10808,286.86,16.71,4.20,70.13,4.090
310,1308,10842,288.31,16.71,4.20,70.16,4.109
311,1310,10877,290.41,16.71,4.19,70.03,4.147
312,1310,10928,291.16,16.71,4.21,70.42,4.135
313,1312,10962,292.21,16.71,4.25,71.02,4.115
314,1312,10971,293.50,16.71,4.29,71.64,4.097
315,1314,10988,294.82,16.71,4.30,71.84,4.104
316,1314,11014,296.73,16.71,4.32,72.20,4.110
317,1316,11022,297.75,16.71,4.32,72.14,4.127
318,1316,11022,299.78,16.71,4.34,72.50,4.135
319,1318,11082,300.70,16.71,4.37,73.06,4.116
320,1318,11108,301.78,16.71,4.40,73.57,4.102
321,1320,11117,302.87,16.71,4.40,73.50,4.121
322,1320,11125,304.03,16.70,4.43,73.97,4.110
323,1322,11125,305.54,16.70,4.44,74.08,4.124
324,1322,11168,306.67,16.70,4.48,74.79,4.100
325,1324,11202,308.41,16.70,4.48,74.81,4.122
326,1324,11211,309.73,16.70,4.49,74.92,4.134
327,1326,11245,310.56,16.70,4.50,75.08,4.137
328,1326,11297,311.58,16.70,4.52,75.53,4.125
329,1328,11331,312.50,16.70,4.54,75.79,4.123
330,1328,11340,314.03,16.70,4.57,76.27,4.117
331,1330,11357,314.86,16.70,4.58,76.43,4.119
332,1330,11357,316.26,16.70,4.58,76.52,4.133
333,1332,11357,317.37,16.70,4.58,76.55,4.146
334,1332,11357,318.00,16.70,4.62,77.18,4.120
335,1334,11400,318.74,16.70,4.65,77.59,4.108
336,1334,11451,319.88,16.70,4.66,77.86,4.109
337,1336,11485,321.01,16.70,4.68,78.10,4.110
338,1336,11494,322.05,16.70,4.68,78.09,4.124
339,1338,11494,323.66,16.70,4.69,78.36,4.131
340,1338,11494,324.39,16.70,4.72,78.88,4.112
341,1340,11511,325.37,16.70,4.73,78.95,4.121
342,1340,11537,326.23,16.70,4.74,79.11,4.124
343,1342,11571,327.30,16.70,4.75,79.30,4.127
344,1342,11605,328.29,16.70,4.78,79.84,4.112
345,1344,11622,329.00,16.70,4.80,80.19,4.103
346,1344,11700,330.48,16.70,4.83,80.71,4.095
347,1346,11717,331.61,16.69,4.84,80.78,4.105
348,1346,11777,332.33,16.69,4.84,80.87,4.110
349,1348,11768,333.44,16.69,4.83,80.72,4.131
350,1348,11742,334.32,16.70,4.89,81.64,4.095
351,1350,11777,335.63,16.69,4.93,82.23,4.082
352,1350,11785,336.84,16.69,4.96,82.78,4.069
353,1352,11802,338.69,16.69,4.96,82.85,4.088
354,1352,11837,339.57,16.69,4.95,82.67,4.107
355,1354,11845,340.17,16.69,4.97,83.04,4.097
356,1354,11862,341.01,16.69,5.00,83.42,4.088
357,1356,11880,341.99,16.69,5.02,83.80,4.081
358,1356,11897,343.19,16.70,5.05,84.38,4.067
359,1358,11931,344.06,16.69,5.06,84.47,4.073
360,1358,11965,346.02,16.69,5.09,84.91,4.075
361,1360,11982,346.75,16.69,5.10,85.13,4.073
362,1360,12000,347.64,16.69,5.13,85.64,4.059
363,1362,12000,348.88,16.69,5.13,85.64,4.074
364,1362,12025,349.92,16.69,5.14,85.88,4.074
365,1364,12051,351.23,16.69,5.15,85.89,4.089
366,1364,12085,351.78,16.69,5.17,86.28,4.077
367,1366,12102,352.45,16.69,5.18,86.49,4.075
368,1366,12120,353.78,16.69,5.21,87.01,4.066
369,1368,12137,354.58,16.68,5.24,87.47,4.054
370,1368,12171,355.30,16.69,5.25,87.69,4.052
371,1370,12188,356.38,16.68,5.26,87.74,4.062
372,1370,12180,357.19,16.69,5.32,88.71,4.027
373,1372,12188,358.75,16.68,5.34,89.08,4.027
374,1372,12222,360.04,16.68,5.34,89.02,4.044
375,1374,12248,361.44,16.68,5.34,89.08,4.057
376,1374,12291,362.56,16.69,5.35,89.22,4.064
377,1376,12300,363.53,16.68,5.35,89.32,4.070
378,1376,12317,364.07,16.68,5.39,89.87,4.051
379,1378,12325,364.62,16.68,5.38,89.82,4.059
380,1378,12342,365.60,16.68,5.40,90.06,4.060
381,1380,12342,366.27,16.68,5.41,90.31,4.056
382,1380,12368,367.65,16.68,5.44,90.72,4.053
383,1382,12385,368.27,16.68,5.46,91.02,4.046
384,1382,12402,369.42,16.68,5.50,91.68,4.029
385,1384,12445,370.41,16.68,5.51,91.90,4.030
386,1384,12454,371.29,16.68,5.51,91.85,4.043
387,1386,12437,372.44,16.68,5.51,91.96,4.050
388,1386,12454,373.06,16.68,5.56,92.74,4.023
389,1388,12480,373.83,16.68,5.57,92.84,4.026
390,1388,12488,374.60,16.68,5.61,93.54,4.005
391,1390,12514,375.65,16.68,5.61,93.62,4.013
392,1390,12531,376.76,16.68,5.63,93.85,4.014
393,1392,12548,377.50,16.68,5.63,93.92,4.020
394,1392,12565,378.31,16.68,5.66,94.36,4.009
395,1394,12574,379.27,16.67,5.67,94.55,4.011
396,1394,12600,380.56,16.67,5.67,94.53,4.026
397,1396,12608,381.32,16.68,5.67,94.53,4.034
398,1396,12617,381.85,16.67,5.70,94.99,4.020
399,1398,12634,382.45,16.68,5.73,95.61,4.000
400,1398,12651,383.04,16.68,5.74,95.74,4.001
401,1400,12660,384.32,16.67,5.75,95.80,4.012
402,1400,12677,385.44,16.67,5.80,96.75,3.984
403,1402,12685,386.53,16.67,5.76,95.96,4.028
404,1402,12711,387.62,16.67,5.94,99.05,3.913
405,1404,12711,388.35,16.67,5.69,94.91,4.092
406,1404,12720,390.27,16.67,5.83,97.24,4.014
407,1406,12737,388.95,16.67,5.87,97.79,3.977
408,1406,12754,390.92,16.67,5.75,95.91,4.076
409,1408,12797,390.66,16.67,5.96,99.31,3.934
410,1408,12797,392.27,16.67,5.97,99.52,3.942
411,1410,12822,393.92,16.67,5.96,99.37,3.964
412,1410,12831,394.66,16.67,5.97,99.50,3.966
413,1412,12831,395.71,16.67,5.98,99.65,3.971
414,1412,12848,396.36,16.67,6.00,100.03,3.962
415,1414,12865,397.84,16.67,6.02,100.27,3.968
416,1414,12891,398.67,16.67,6.06,100.97,3.949
417,1416,12908,399.80,16.67,6.08,101.34,3.945
418,1416,12934,401.02,16.67,6.09,101.44,3.954
419,1418,12951,402.21,16.66,6.11,101.83,3.950
420,1418,12960,403.01,16.67,6.13,102.19,3.944
421,1420,13011,403.80,16.67,6.14,102.38,3.944
422,1420,12994,405.25,16.66,6.18,102.97,3.936
423,1422,13020,406.04,16.66,6.19,103.08,3.939
424,1422,13045,406.86,16.66,6.20,103.34,3.937
425,1424,13071,408.31,16.67,6.23,103.89,3.930
426,1424,13062,409.22,16.66,6.27,104.48,3.917
427,1426,13062,410.64,16.66,6.28,104.69,3.923
428,1426,13105,411.68,16.66,6.30,104.96,3.922
429,1428,13114,412.81,16.66,6.32,105.31,3.920
430,1428,13131,413.79,16.66,6.33,105.52,3.921
431,1430,13165,414.67,16.66,6.33,105.49,3.931
432,1430,13182,416.10,16.66,6.36,106.01,3.925
433,1432,13191,417.09,16.66,6.40,106.58,3.913
434,1432,13191,417.89,16.66,6.42,106.91,3.909
435,1434,13225,418.85,16.66,6.42,106.96,3.916
436,1434,13260,420.11,16.66,6.45,107.45,3.910
437,1436,13311,421.01,16.66,6.50,108.21,3.891
438,1436,13302,422.41,16.66,6.52,108.63,3.888
439,1438,13302,423.79,16.66,6.53,108.77,3.896
440,1438,13320,424.96,16.66,6.54,108.88,3.903
441,1440,13328,425.89,16.66,6.55,109.03,3.906
442,1440,13362,426.87,16.66,6.57,109.40,3.902
443,1442,13371,427.80,16.65,6.60,109.86,3.894
444,1442,13388,428.93,16.65,6.64,110.63,3.877
445,1444,13405,430.20,16.65,6.65,110.77,3.884
446,1444,13405,432.02,16.65,6.67,111.00,3.892
447,1446,13414,432.94,16.65,6.68,111.20,3.893
448,1446,13448,433.36,16.65,6.72,111.83,3.875
449,1448,13491,434.35,16.65,6.73,112.06,3.876
450,1448,13500,436.00,16.65,6.77,112.69,3.869
451,1450,13491,436.83,16.65,6.77,112.75,3.874
452,1450,13491,438.12,16.65,6.78,112.95,3.879
453,1452,13534,439.26,16.65,6.81,113.40,3.873
454,1452,13568,440.37,16.65,6.89,114.69,3.840
455,1454,13602,442.00,16.65,6.89,114.75,3.852
456,1454,13628,443.08,16.65,6.88,114.50,3.870
457,1456,13602,444.15,16.65,6.89,114.77,3.870
458,1456,13602,445.17,16.65,6.91,115.08,3.868
459,1458,13594,445.69,16.65,6.93,115.36,3.864
460,1458,13611,447.03,16.65,6.99,116.31,3.844
461,1460,13620,448.13,16.65,7.00,116.61,3.843
462,1460,13680,449.42,16.65,7.03,116.99,3.842
463,1462,13705,450.69,16.64,7.04,117.18,3.846
464,1462,13714,451.67,16.65,7.09,118.07,3.826
465,1464,13748,452.85,16.64,7.09,118.05,3.836
466,1464,13740,454.33,16.65,7.13,118.71,3.827
467,1466,13774,455.78,16.65,7.14,118.92,3.833
468,1466,13791,456.85,16.64,7.17,119.30,3.829
469,1468,13894,458.02,16.64,7.21,120.00,3.817
470,1468,13894,458.85,16.64,7.28,121.11,3.789
471,1470,13885,460.50,16.64,7.26,120.77,3.813
472,1470,13911,462.28,16.64,7.26,120.78,3.828
473,1472,13868,463.14,16.64,7.27,120.98,3.828
474,1472,13894,464.89,16.64,7.31,121.63,3.822
475,1474,13902,465.99,16.64,7.34,122.09,3.817
476,1474,13937,467.03,16.64,7.37,122.69,3.807
477,1476,13937,468.05,16.64,7.40,123.13,3.801
478,1476,13945,468.92,16.64,7.41,123.33,3.802
479,1478,13954,470.64,16.64,7.43,123.60,3.808
480,1478,13962,471.65,16.64,7.46,124.10,3.800
481,1480,13997,473.38,16.64,7.49,124.67,3.797
482,1480,14005,474.29,16.64,7.54,125.43,3.781
483,1482,14014,475.47,16.63,7.57,125.89,3.777
484,1482,14014,476.30,16.63,7.59,126.20,3.774
485,1484,14031,477.67,16.63,7.60,126.39,3.779
486,1484,14048,479.35,16.63,7.65,127.20,3.769
487,1486,14065,480.19,16.63,7.65,127.20,3.775
488,1486,14082,482.50,16.63,7.66,127.42,3.787
489,1488,14091,483.58,16.63,7.67,127.65,3.788
490,1488,14125,484.82,16.63,7.71,128.19,3.782
491,1490,14160,485.39,16.63,7.74,128.76,3.770
492,1490,14142,486.70,16.63,7.79,129.56,3.756
493,1492,14185,488.23,16.63,7.82,129.99,3.756
494,1492,14271,489.73,16.63,7.83,130.09,3.764
495,1494,14297,491.42,16.63,7.85,130.58,3.763
496,1494,14297,492.50,16.63,7.89,131.20,3.754
497,1496,14254,493.89,16.63,7.91,131.54,3.755
498,1496,14288,494.73,16.63,7.95,132.22,3.742
499,1498,14400,495.71,16.62,7.96,132.36,3.745
500,1498,14417,497.91,16.62,7.98,132.67,3.753
501,1500,14391,498.95,16.62,7.99,132.77,3.758
502,1500,14451,500.37,16.62,8.03,133.48,3.749
503,1502,14425,501.32,16.62,8.05,133.84,3.746
504,1502,14400,502.50,16.62,8.08,134.37,3.740
505,1504,14374,503.68,16.62,8.11,134.88,3.734
506,1504,14400,504.75,16.62,8.12,134.93,3.741
507,1506,14442,506.65,16.62,8.13,135.06,3.751
508,1506,14511,507.53,16.62,8.17,135.79,3.738
509,1508,14494,508.53,16.62,8.20,136.20,3.734
510,1508,14460,509.49,16.62,8.23,136.77,3.725
511,1510,14520,510.41,16.62,8.25,137.18,3.721
512,1510,14605,511.35,16.62,8.30,137.92,3.708
513,1512,14665,512.79,16.61,8.32,138.15,3.712
514,1512,14648,514.70,16.62,8.38,139.28,3.696
515,1514,14605,515.86,16.62,8.41,139.69,3.693
516,1514,14648,518.29,16.62,8.42,139.90,3.705
517,1516,14657,519.38,16.62,8.43,140.13,3.706
518,1516,14700,520.34,16.62,8.47,140.72,3.698
519,1518,14751,521.55,16.62,8.49,141.13,3.696
520,1518,14777,522.97,16.61,8.51,141.46,3.697
521,1520,14742,524.75,16.61,8.54,141.81,3.700
522,1520,14742,525.90,16.61,8.57,142.28,3.696
523,1522,14794,527.71,16.61,8.60,142.82,3.695
524,1522,14794,528.56,16.61,8.62,143.19,3.691
525,1524,14811,529.85,16.61,8.64,143.45,3.694
526,1524,14785,530.86,16.61,8.67,143.98,3.687
527,1526,14837,531.38,16.61,8.68,144.18,3.685
528,1526,14854,533.42,16.61,8.71,144.73,3.686
529,1528,14905,534.39,16.61,8.74,145.19,3.681
530,1528,14940,535.71,16.61,8.79,145.91,3.672
531,1530,14931,537.06,16.60,8.80,146.16,3.675
532,1530,14931,538.82,16.60,8.82,146.52,3.677
533,1532,14974,539.98,16.60,8.85,146.85,3.677
534,1532,15017,541.01,16.61,8.91,147.93,3.657
535,1534,14982,542.71,16.61,8.93,148.35,3.658
536,1534,14974,544.09,16.61,8.98,149.07,3.650
537,1536,15008,545.87,16.60,9.00,149.33,3.655
538,1536,15102,546.86,16.60,9.01,149.64,3.654
539,1538,15094,547.96,16.60,9.02,149.72,3.660
540,1538,15128,549.00,16.60,9.07,150.60,3.645
541,1540,15171,550.32,16.60,9.10,150.99,3.645
542,1540,15197,552.40,16.60,9.11,151.26,3.652
543,1542,15197,553.37,16.60,9.11,151.15,3.661
544,1542,15231,554.60,16.60,9.14,151.68,3.656
545,1544,15222,555.44,16.60,9.21,152.82,3.635
546,1544,15231,556.70,16.60,9.26,153.68,3.622
547,1546,15274,558.24,16.60,9.28,153.96,3.626
548,1546,15265,559.94,16.60,9.29,154.12,3.633
549,1548,15282,561.75,16.59,9.29,154.21,3.643
550,1548,15291,562.72,16.59,9.34,155.02,3.630
551,1550,15317,564.23,16.59,9.37,155.45,3.630
552,1550,15377,565.49,16.59,9.42,156.37,3.616
553,1552,15385,566.38,16.60,9.43,156.56,3.618
554,1552,15377,567.44,16.59,9.44,156.57,3.624
555,1554,15385,568.73,16.59,9.47,157.16,3.619
556,1554,15402,569.82,16.59,9.51,157.76,3.612
557,1556,15428,571.22,16.59,9.53,158.12,3.613
558,1556,15445,572.68,16.59,9.57,158.78,3.607
559,1558,15445,573.85,16.59,9.57,158.82,3.613
560,1558,15437,575.10,16.59,9.59,159.06,3.616
561,1560,15462,576.54,16.59,9.59,159.12,3.623
562,1560,15437,577.75,16.59,9.66,160.16,3.607
563,1562,15462,578.55,16.59,9.70,160.87,3.596
564,1562,15505,580.43,16.59,9.70,160.90,3.607
565,1564,15557,582.31,16.58,9.70,160.89,3.619
566,1564,15565,582.77,16.59,9.72,161.31,3.613
567,1566,15600,583.69,16.59,9.74,161.49,3.614
568,1566,15582,584.89,16.58,9.86,163.53,3.577
569,1568,15617,586.28,16.59,9.84,163.25,3.591
570,1568,15660,587.82,16.58,9.87,163.59,3.593
571,1570,15685,589.64,16.58,9.88,163.86,3.598
572,1570,15720,590.51,16.58,9.94,164.87,3.582
573,1572,15685,591.75,16.58,9.97,165.26,3.581
574,1572,15694,593.62,16.58,9.99,165.57,3.585
575,1574,15728,595.21,16.58,9.98,165.46,3.597
576,1574,15737,595.90,16.58,10.01,165.99,3.590
577,1576,15788,596.68,16.58,10.04,166.48,3.584
578,1576,15840,598.80,16.58,10.05,166.67,3.593
579,1578,15840,600.13,16.58,10.09,167.27,3.588
580,1578,15865,601.12,16.57,10.13,167.91,3.580
581,1580,15848,602.25,16.58,10.15,168.20,3.581
582,1580,15831,603.24,16.58,10.18,168.74,3.575
583,1582,15840,604.34,16.57,10.21,169.19,3.572
584,1582,15814,605.41,16.58,10.25,169.88,3.564
585,1584,15908,607.13,16.57,10.27,170.15,3.568
586,1584,15968,608.83,16.57,10.30,170.72,3.566
587,1586,15942,609.81,16.57,10.31,170.79,3.571
588,1586,15951,610.69,16.57,10.36,171.70,3.557
589,1588,15942,611.81,16.57,10.38,171.94,3.558
590,1588,15942,613.36,16.57,10.43,172.80,3.550
591,1590,16002,614.29,16.57,10.47,173.56,3.539
592,1590,16062,616.41,16.56,10.46,173.20,3.559
593,1592,16071,618.00,16.57,10.47,173.53,3.561
594,1592,16080,618.95,16.56,10.55,174.79,3.541
595,1594,16080,620.08,16.56,10.57,175.10,3.541
596,1594,16105,621.65,16.56,10.58,175.31,3.546
597,1596,16140,622.78,16.56,10.62,175.88,3.541
598,1596,16157,623.88,16.56,10.67,176.75,3.530
599,1598,16148,626.32,16.57,10.70,177.30,3.533
600,1598,16225,627.83,16.56,10.75,178.09,3.525
601,1600,16200,629.32,16.56,10.78,178.59,3.524
602,1600,16200,630.75,16.56,10.79,178.68,3.530
603,1602,16242,632.02,16.56,10.80,178.93,3.532
604,1602,16260,632.85,16.56,10.87,179.94,3.517
605,1604,16277,634.39,16.56,10.90,180.58,3.513
606,1604,16302,636.45,16.56,10.94,181.04,3.515
607,1606,16328,637.90,16.56,10.96,181.45,3.516
608,1606,16328,640.07,16.56,11.01,182.20,3.513
609,1608,16328,641.11,16.55,11.01,182.25,3.518
610,1608,16320,642.37,16.56,11.07,183.22,3.506
611,1610,16320,643.79,16.56,11.07,183.29,3.512
612,1610,16354,644.79,16.55,11.12,184.13,3.502
613,1612,16422,646.32,16.56,11.15,184.66,3.500
614,1612,16457,647.77,16.56,11.18,185.10,3.500
615,1614,16431,649.16,16.55,11.19,185.21,3.505
616,1614,16431,650.73,16.55,11.27,186.47,3.490
617,1616,16457,652.54,16.55,11.27,186.47,3.499
618,1616,16491,654.01,16.55,11.28,186.70,3.503
619,1618,16525,654.99,16.55,11.29,186.84,3.506
620,1618,16568,656.94,16.55,11.35,187.75,3.499
621,1620,16594,657.72,16.55,11.38,188.31,3.493
622,1620,16602,659.42,16.54,11.45,189.45,3.481
623,1622,16594,660.61,16.55,11.47,189.83,3.480
624,1622,16594,661.97,16.55,11.49,190.17,3.481
625,1624,16594,662.92,16.54,11.51,190.35,3.483
626,1624,16645,664.16,16.55,11.57,191.50,3.468
627,1626,16705,666.08,16.54,11.63,192.44,3.461
628,1626,16740,667.41,16.54,11.68,193.24,3.454
629,1628,16765,669.99,16.54,11.69,193.34,3.465
630,1628,16757,671.25,16.54,11.70,193.47,3.469
631,1630,16765,672.63,16.54,11.68,193.10,3.483
632,1630,16765,673.41,16.54,11.72,193.84,3.474
633,1632,16765,674.31,16.54,11.73,193.95,3.477
634,1632,16791,675.44,16.54,11.80,195.13,3.462
635,1634,16851,677.37,16.54,11.83,195.60,3.463
636,1634,16860,679.31,16.53,11.90,196.77,3.452
637,1636,16885,681.05,16.54,12.02,198.73,3.427
638,1636,16885,682.97,16.54,12.13,200.58,3.405
639,1638,16928,685.41,16.53,12.21,201.86,3.395
640,1638,16945,687.66,16.53,12.13,200.55,3.429
641,1640,16945,690.01,16.53,12.05,199.25,3.463
642,1640,16945,690.95,16.54,11.94,197.50,3.498
643,1642,16945,691.11,16.54,11.94,197.41,3.501
644,1642,16945,690.13,16.53,12.12,200.44,3.443
645,1644,16945,691.05,16.53,12.09,199.81,3.459
646,1644,16971,691.44,16.54,12.15,200.94,3.441
647,1646,16980,692.22,16.53,12.09,199.91,3.463
648,1646,16988,692.91,16.53,12.18,201.43,3.440
649,1648,16980,693.73,16.53,12.14,200.62,3.458
650,1648,16980,694.17,16.53,12.20,201.59,3.444
651,1650,16971,695.44,16.53,12.14,200.71,3.465
652,1650,16980,696.36,16.53,12.18,201.27,3.460
653,1652,16971,696.33,16.53,12.21,201.85,3.450
654,1652,16980,696.67,16.52,12.44,205.52,3.390
655,1654,17005,697.28,16.52,12.62,208.48,3.345
656,1654,17048,702.03,16.52,12.63,208.73,3.363
657,1656,17074,704.35,16.52,12.67,209.27,3.366
658,1656,17074,706.92,16.52,12.71,209.94,3.367
659,1658,17100,709.24,16.52,12.66,209.23,3.390
660,1658,17177,710.65,16.52,12.71,209.94,3.385
661,1660,17254,711.88,16.52,12.74,210.44,3.383
662,1660,17297,713.71,16.52,12.75,210.69,3.387
663,1662,17297,715.60,16.52,12.77,210.88,3.393
664,1662,17322,717.14,16.52,12.79,211.19,3.396
665,1664,17340,719.06,16.52,12.77,210.98,3.408
666,1664,17357,719.72,16.51,12.84,212.06,3.394
667,1666,17374,721.03,16.51,12.86,212.31,3.396
668,1666,17400,722.00,16.51,12.90,213.09,3.388
669,1668,17400,723.09,16.51,12.96,213.97,3.379
670,1668,17417,725.33,16.51,12.97,214.20,3.386
671,1670,17417,726.15,16.51,13.06,215.67,3.367
672,1670,17442,728.10,16.51,13.12,216.62,3.361
673,1672,17442,729.93,16.51,13.15,217.06,3.363
674,1672,17442,731.94,16.51,13.20,217.88,3.359
675,1674,17442,733.90,16.51,13.30,219.52,3.343
676,1674,17442,735.39,16.51,13.39,221.07,3.327
677,1676,17442,737.35,16.51,13.44,221.93,3.323
678,1676,17442,740.53,16.50,13.46,222.16,3.333
679,1678,17442,742.88,16.50,13.49,222.51,3.339
680,1678,17442,744.38,16.50,13.57,223.89,3.325
681,1680,17442,746.12,16.50,13.56,223.81,3.334
682,1680,17442,747.87,16.50,13.63,224.83,3.326
683,1682,17442,749.16,16.50,13.65,225.25,3.326
684,1682,17442,750.55,16.50,13.68,225.76,3.324
685,1684,17442,752.78,16.50,13.69,225.78,3.334
686,1684,17442,754.50,16.50,13.75,226.77,3.327
687,1686,17442,755.75,16.49,13.73,226.48,3.337
688,1686,17442,757.04,16.50,13.75,226.91,3.336
689,1688,17442,758.08,16.49,13.79,227.40,3.334
690,1688,17442,758.94,16.49,13.84,228.36,3.323
691,1690,17442,759.73,16.49,13.91,229.35,3.313
692,1690,17442,762.28,16.49,13.98,230.63,3.305
693,1692,17442,764.24,16.49,14.02,231.30,3.304
694,1692,17442,766.11,16.49,14.03,231.25,3.313
695,1694,17442,767.64,16.49,14.05,231.74,3.312
696,1694,17520,768.82,16.49,14.07,232.00,3.314
697,1696,17520,769.72,16.49,14.12,232.84,3.306
698,1696,17520,770.74,16.49,14.20,234.08,3.293
699,1698,17520,773.38,16.48,14.26,235.01,3.291
700,1698,17520,775.18,16.48,14.32,236.10,3.283
701,1700,17520,777.86,16.48,14.33,236.18,3.293
702,1700,17520,779.13,16.48,14.38,236.99,3.288
703,1702,17520,780.24,16.48,14.39,237.17,3.290
704,1702,17520,781.36,16.48,14.39,237.21,3.294
705,1704,17520,782.74,16.48,14.39,237.22,3.300
706,1704,17528,784.69,16.48,14.42,237.66,3.302
707,1706,17528,786.07,16.48,14.48,238.59,3.295
708,1706,17528,787.57,16.48,14.55,239.78,3.284
709,1708,17528,789.80,16.48,14.57,240.11,3.289
710,1708,17528,790.90,16.48,14.60,240.53,3.288
711,1710,17528,791.61,16.48,14.63,241.15,3.283
712,1710,17528,793.08,16.47,14.67,241.65,3.282
713,1712,17528,794.71,16.48,14.70,242.12,3.282
714,1712,17528,796.43,16.47,14.82,244.23,3.261
715,1714,17528,798.38,16.47,14.86,244.79,3.261
716,1714,17528,799.84,16.47,14.87,244.95,3.265
717,1716,17528,801.39,16.47,14.88,245.06,3.270
718,1716,17528,802.62,16.47,14.97,246.52,3.256
719,1718,17528,803.63,16.47,14.99,246.92,3.255
720,1718,17674,806.38,16.47,14.99,246.86,3.267
721,1720,17682,807.19,16.47,15.05,247.88,3.256
722,1720,17682,808.34,16.46,15.09,248.51,3.253
723,1722,17682,810.07,16.47,15.10,248.70,3.257
724,1722,17682,811.10,16.46,15.17,249.70,3.248
725,1724,17682,811.90,16.47,15.19,250.19,3.245
726,1724,17682,813.46,16.46,15.23,250.77,3.244
727,1726,17682,815.43,16.46,15.25,251.03,3.248
728,1726,17682,816.07,16.46,15.32,252.15,3.236
729,1728,17682,818.47,16.46,15.35,252.71,3.239
730,1728,17725,820.37,16.46,15.40,253.52,3.236
731,1730,17965,821.85,16.46,15.41,253.63,3.240
732,1730,17965,823.07,16.46,15.43,254.02,3.240
733,1732,17965,823.79,16.46,15.47,254.65,3.235
734,1732,17965,824.84,16.45,15.55,255.88,3.223
735,1734,17965,827.12,16.45,15.58,256.40,3.226
736,1734,17965,828.89,16.45,15.66,257.69,3.217
737,1736,18222,830.59,16.45,15.68,258.00,3.219
738,1736,18248,832.12,16.45,15.71,258.41,3.220
739,1738,18248,833.68,16.45,15.74,258.93,3.220
740,1738,18248,834.85,16.45,15.79,259.65,3.215
741,1740,18248,835.46,16.45,15.77,259.40,3.221
742,1740,18248,836.82,16.45,15.83,260.31,3.215
743,1742,18248,838.48,16.45,15.86,260.84,3.215
744,1742,18248,839.66,16.45,15.93,262.03,3.205
745,1744,18248,841.13,16.44,15.96,262.41,3.205
746,1744,18248,842.38,16.44,16.06,264.01,3.191
747,1746,18248,844.16,16.45,16.11,264.85,3.187
748,1746,18248,845.90,16.45,16.12,265.10,3.191
749,1748,18248,847.36,16.44,16.12,265.06,3.197
750,1748,18248,848.92,16.44,16.12,265.02,3.203
751,1750,18248,850.31,16.44,16.20,266.37,3.192
752,1750,18248,851.46,16.44,16.29,267.75,3.180
753,1752,18248,853.35,16.44,16.32,268.29,3.181
754,1752,18248,854.89,16.44,16.33,268.51,3.184
755,1754,18454,855.90,16.44,16.32,268.18,3.192
756,1754,18471,857.33,16.44,16.39,269.43,3.182
757,1756,18471,857.73,16.43,16.46,270.44,3.172
758,1756,18471,860.87,16.43,16.50,271.18,3.175
759,1758,18471,862.50,16.43,16.52,271.53,3.176
760,1758,18471,863.16,16.43,16.58,272.48,3.168
761,1760,18471,864.31,16.43,16.61,272.85,3.168
762,1760,18471,865.06,16.43,16.69,274.32,3.154
763,1762,18471,867.19,16.43,16.72,274.75,3.156
764,1762,18608,868.98,16.43,16.63,273.19,3.181
765,1764,18762,870.66,16.43,16.67,273.75,3.181
766,1764,18771,870.87,16.42,16.76,275.27,3.164
767,1766,18771,872.27,16.43,16.86,276.87,3.150
768,1766,18942,873.78,16.42,16.79,275.69,3.169
769,1768,19028,875.73,16.43,16.80,275.92,3.174
770,1768,19062,877.54,16.42,16.87,276.97,3.168
771,1770,19071,878.94,16.42,16.88,277.15,3.171
772,1770,19080,880.29,16.42,16.97,278.58,3.160
773,1772,19062,881.37,16.42,17.00,279.07,3.158
774,1772,19062,882.61,16.41,17.17,281.82,3.132
775,1774,19062,884.02,16.41,17.20,282.25,3.132
776,1774,19062,886.38,16.41,17.24,282.95,3.133
777,1776,19062,888.58,16.41,17.28,283.65,3.133
778,1776,19062,890.65,16.41,17.34,284.57,3.130
779,1778,19062,892.66,16.41,17.35,284.65,3.136
780,1778,19062,894.00,16.41,17.39,285.40,3.132
781,1780,19062,895.12,16.41,17.42,285.86,3.131
782,1780,19062,896.17,16.41,17.48,286.77,3.125
783,1782,19062,897.94,16.41,17.52,287.50,3.123
784,1782,19062,899.78,16.41,17.58,288.42,3.120
785,1784,19062,901.66,16.41,17.63,289.28,3.117
786,1784,19062,903.51,16.41,17.67,289.90,3.117
787,1786,19062,905.29,16.40,17.69,290.05,3.121
788,1786,19062,907.14,16.40,17.73,290.74,3.120
789,1788,19062,907.91,16.41,17.75,291.18,3.118
790,1788,19062,908.75,16.40,17.83,292.44,3.107
791,1790,19062,910.70,16.40,17.87,292.99,3.108
792,1790,19062,911.82,16.40,17.92,293.82,3.103
793,1792,19062,913.21,16.40,17.93,294.04,3.106
794,1792,19062,914.83,16.40,18.00,295.21,3.099
795,1794,19062,916.20,16.40,18.03,295.59,3.100
796,1794,19062,916.80,16.40,18.06,296.12,3.096
797,1796,19062,917.53,16.39,18.07,296.13,3.098
798,1796,19062,918.66,16.39,18.15,297.49,3.088
799,1798,19062,920.36,16.39,18.19,298.14,3.087
800,1798,19062,921.78,16.39,18.28,299.64,3.076
801,1800,19088,923.91,16.39,18.29,299.75,3.082
802,1800,19105,924.75,16.39,18.30,299.94,3.083
803,1802,19122,925.93,16.39,18.32,300.28,3.084
804,1802,19182,927.09,16.39,18.39,301.36,3.076
805,1804,19182,928.61,16.39,18.45,302.33,3.072
806,1804,19182,930.66,16.39,18.54,303.88,3.063
807,1806,19191,932.70,16.38,18.55,303.82,3.070
808,1806,19191,934.46,16.38,18.57,304.25,3.071
809,1808,19191,935.82,16.38,18.60,304.73,3.071
810,1808,19191,936.73,16.38,18.68,306.03,3.061
811,1810,19191,937.94,16.38,18.69,306.21,3.063
812,1810,19191,939.06,16.38,18.73,306.81,3.061
813,1812,19191,939.76,16.38,18.76,307.23,3.059
814,1812,19191,940.63,16.38,18.83,308.38,3.050
815,1814,19208,942.89,16.38,18.86,308.90,3.052
816,1814,19208,944.29,16.37,18.92,309.81,3.048
817,1816,19208,945.70,16.38,18.96,310.45,3.046
818,1816,19208,946.93,16.38,18.96,310.50,3.050
819,1818,19440,948.03,16.37,19.02,311.32,3.045
820,1818,19654,949.36,16.37,19.10,312.68,3.036
821,1820,19654,949.94,16.37,19.13,313.29,3.032
822,1820,19680,951.81,16.37,19.22,314.65,3.025
823,1822,19697,953.33,16.37,19.24,314.97,3.027
824,1822,19697,955.10,16.37,19.27,315.42,3.028
825,1824,19697,956.61,16.37,19.26,315.20,3.035
826,1824,19714,957.68,16.37,19.33,316.37,3.027
827,1826,19808,959.53,16.36,19.38,317.11,3.026
828,1826,19808,960.94,16.36,19.41,317.66,3.025
829,1828,19808,962.65,16.36,19.44,318.07,3.027
830,1828,19962,963.53,16.36,19.51,319.22,3.018
831,1830,19962,964.79,16.36,19.58,320.29,3.012
832,1830,20057,966.05,16.36,19.56,320.08,3.018
833,1832,20074,967.27,16.36,19.65,321.53,3.008
834,1832,20074,968.43,16.36,19.72,322.53,3.003
835,1834,20074,970.19,16.36,19.76,323.28,3.001
836,1834,20082,971.50,16.35,19.82,324.10,2.998
837,1836,20100,973.52,16.35,19.82,324.17,3.003
838,1836,20125,974.97,16.35,19.90,325.41,2.996
839,1838,20125,976.08,16.35,19.94,326.08,2.993
840,1838,20134,977.95,16.35,19.98,326.58,2.995
841,1840,20134,979.88,16.35,20.01,327.26,2.994
842,1840,20142,981.16,16.35,20.10,328.50,2.987
843,1842,20100,982.51,16.35,20.15,329.44,2.982
844,1842,20100,984.92,16.35,20.26,331.10,2.975
845,1844,20100,986.19,16.34,20.37,332.91,2.962
846,1844,20142,988.21,16.34,20.31,331.95,2.977
847,1846,20322,990.04,16.34,20.18,329.82,3.002
848,1846,20348,991.35,16.34,20.23,330.63,2.998
849,1848,20365,991.10,16.34,20.23,330.64,2.998
850,1848,20391,991.87,16.34,20.31,331.79,2.989
851,1850,20365,992.56,16.34,20.29,331.61,2.993
852,1850,20348,993.74,16.34,20.42,333.63,2.979
853,1852,20365,994.60,16.33,20.50,334.80,2.971
854,1852,20382,996.45,16.33,20.55,335.68,2.968
855,1854,20348,997.95,16.34,20.65,337.33,2.958
856,1854,20357,1000.30,16.33,20.74,338.76,2.953
857,1856,20340,1002.25,16.33,20.77,339.31,2.954
858,1856,20314,1005.16,16.33,20.84,340.33,2.954
859,1858,20314,1006.87,16.33,20.90,341.20,2.951
860,1858,20314,1009.17,16.33,20.96,342.14,2.950
861,1860,20340,1011.18,16.33,20.97,342.47,2.953
862,1860,20340,1012.70,16.32,21.05,343.57,2.948
863,1862,20382,1014.38,16.32,21.06,343.77,2.951
864,1862,20460,1015.74,16.32,21.12,344.83,2.946
865,1864,20597,1017.68,16.32,21.15,345.35,2.947
866,1864,20614,1018.61,16.33,21.20,346.06,2.943
867,1866,20614,1019.75,16.32,21.24,346.56,2.942
868,1866,20614,1021.34,16.32,21.34,348.24,2.933
869,1868,20622,1022.73,16.32,21.41,349.39,2.927
870,1868,20614,1025.18,16.32,21.48,350.54,2.925
871,1870,20614,1027.33,16.32,21.51,350.90,2.928
872,1870,20614,1030.36,16.32,21.57,351.94,2.928
873,1872,20614,1031.13,16.31,21.59,352.25,2.927
874,1872,20614,1032.42,16.31,21.68,353.61,2.920
875,1874,20614,1033.98,16.31,21.73,354.49,2.917
876,1874,20605,1035.17,16.31,21.79,355.47,2.912
877,1876,20605,1037.92,16.31,21.82,355.81,2.917
878,1876,20588,1038.84,16.31,21.84,356.26,2.916
879,1878,20588,1040.16,16.31,21.92,357.43,2.910
880,1878,20588,1042.35,16.31,22.01,358.91,2.904
881,1880,20588,1044.68,16.31,22.06,359.74,2.904
882,1880,20588,1046.62,16.30,22.11,360.45,2.904
883,1882,20588,1048.26,16.30,22.14,360.96,2.904
884,1882,20588,1049.89,16.30,22.21,362.19,2.899
885,1884,20588,1050.66,16.30,22.25,362.66,2.897
886,1884,20588,1051.95,16.30,22.31,363.64,2.893
887,1886,20588,1054.85,16.30,22.35,364.26,2.896
888,1886,20597,1056.22,16.30,22.35,364.20,2.900
889,1888,20614,1056.68,16.30,22.37,364.59,2.898
890,1888,20614,1057.14,16.30,22.44,365.60,2.891
891,1890,20614,1058.89,16.29,22.52,366.95,2.886
892,1890,20614,1060.51,16.29,22.62,368.55,2.877
893,1892,20614,1062.15,16.29,22.65,369.06,2.878
894,1892,20614,1065.32,16.29,22.69,369.62,2.882
895,1894,20597,1066.84,16.29,22.69,369.57,2.887
896,1894,20717,1067.55,16.29,22.72,370.02,2.885
897,1896,20982,1068.38,16.28,22.79,371.12,2.879
898,1896,21008,1070.62,16.29,22.87,372.53,2.874
899,1898,21017,1072.09,16.28,22.90,372.86,2.875
900,1898,21017,1073.70,16.28,22.94,373.54,2.874
901,1900,21025,1075.36,16.28,22.95,373.61,2.878
902,1900,21008,1076.68,16.28,23.02,374.75,2.873
903,1902,21077,1077.85,16.28,23.04,375.10,2.874
904,1902,21197,1079.51,16.28,23.09,375.91,2.872
905,1904,21188,1080.57,16.28,23.14,376.70,2.869
906,1904,21205,1082.41,16.27,23.23,378.00,2.864
907,1906,21248,1083.66,16.28,23.25,378.52,2.863
908,1906,21291,1085.38,16.27,23.35,380.05,2.856
909,1908,21274,1086.66,16.27,23.39,380.55,2.856
910,1908,21248,1088.97,16.27,23.42,381.10,2.857
911,1910,21291,1090.41,16.27,23.44,381.36,2.859
912,1910,21325,1091.50,16.27,23.51,382.52,2.853
913,1912,21317,1093.17,16.27,23.58,383.51,2.850
914,1912,21351,1094.01,16.27,23.66,384.82,2.843
915,1914,21342,1095.96,16.26,23.68,385.05,2.846
916,1914,21377,1097.22,16.26,23.71,385.58,2.846
917,1916,21394,1098.37,16.26,23.74,386.03,2.845
918,1916,21394,1099.14,16.26,23.84,387.60,2.836
919,1918,21411,1100.83,16.26,23.88,388.26,2.835
920,1918,21402,1102.83,16.26,23.93,389.03,2.835
921,1920,21428,1103.98,16.26,23.94,389.24,2.836
922,1920,21445,1104.93,16.26,24.03,390.73,2.828
923,1922,21480,1106.99,16.26,24.07,391.36,2.829
924,1922,21480,1108.53,16.25,24.18,393.00,2.821
925,1924,21488,1109.81,16.25,24.22,393.57,2.820
926,1924,21505,1111.36,16.25,24.26,394.27,2.819
927,1926,21548,1113.55,16.25,24.31,395.12,2.818
928,1926,21557,1114.84,16.25,24.40,396.44,2.812
929,1928,21548,1116.57,16.25,24.46,397.37,2.810
930,1928,21574,1118.14,16.25,24.53,398.53,2.806
931,1930,21582,1119.66,16.24,24.56,399.01,2.806
932,1930,21608,1121.14,16.24,24.60,399.61,2.806
933,1932,21608,1122.73,16.25,24.64,400.39,2.804
934,1932,21625,1124.61,16.24,24.71,401.39,2.802
935,1934,21660,1126.12,16.24,24.75,402.01,2.801
936,1934,21642,1127.56,16.24,24.81,402.79,2.799
937,1936,21660,1129.61,16.24,24.84,403.34,2.801
938,1936,21685,1131.08,16.23,24.91,404.27,2.798
939,1938,21694,1132.34,16.24,24.97,405.42,2.793
940,1938,21711,1133.66,16.23,25.07,406.97,2.786
941,1940,21720,1135.94,16.23,25.13,407.93,2.785
942,1940,21720,1137.84,16.23,25.17,408.63,2.785
943,1942,21754,1138.88,16.23,25.19,408.79,2.786
944,1942,21771,1139.42,16.23,25.25,409.63,2.782
945,1944,21797,1140.91,16.23,25.33,411.03,2.776
946,1944,21780,1142.05,16.23,25.44,412.81,2.767
947,1946,21762,1144.05,16.23,25.44,412.83,2.771
948,1946,21762,1147.12,16.23,25.47,413.24,2.776
949,1948,21780,1148.51,16.23,25.47,413.30,2.779
950,1948,21865,1149.12,16.22,25.57,414.84,2.770
951,1950,21865,1150.81,16.22,25.66,416.06,2.766
952,1950,21874,1152.33,16.22,25.74,417.50,2.760
953,1952,21891,1153.99,16.21,25.78,417.99,2.761
954,1952,21917,1155.44,16.21,25.80,418.37,2.762
955,1954,21908,1157.13,16.21,25.85,419.17,2.761
956,1954,21942,1158.42,16.21,25.94,420.49,2.755
957,1956,21942,1159.08,16.21,25.98,421.11,2.752
958,1956,21968,1161.56,16.21,26.02,421.86,2.753
959,1958,21960,1163.44,16.21,26.06,422.35,2.755
960,1958,21985,1165.22,16.21,26.15,423.82,2.749
961,1960,21994,1166.09,16.21,26.21,424.79,2.745
962,1960,21994,1166.95,16.20,26.30,426.26,2.738
963,1962,22028,1169.22,16.21,26.34,426.85,2.739
964,1962,22037,1171.29,16.20,26.35,426.91,2.744
965,1964,22054,1172.84,16.20,26.37,427.34,2.744
966,1964,22071,1173.55,16.20,26.49,429.18,2.734
967,1966,22080,1173.79,16.20,26.57,430.39,2.727
968,1966,22105,1175.56,16.20,26.61,431.02,2.727
969,1968,22122,1177.37,16.20,26.67,432.05,2.725
970,1968,22140,1179.11,16.20,26.78,433.64,2.719
971,1970,22140,1180.46,16.19,26.84,434.51,2.717
972,1970,22157,1181.80,16.19,26.88,435.28,2.715
973,1972,22165,1183.86,16.19,26.90,435.41,2.719
974,1972,22174,1185.28,16.19,26.88,435.30,2.723
975,1974,22182,1185.99,16.19,26.92,435.79,2.721
976,1974,22200,1186.28,16.18,27.10,438.55,2.705
977,1976,22217,1187.88,16.18,27.18,439.95,2.700
978,1976,22234,1190.28,16.18,27.28,441.39,2.697
979,1978,22251,1192.66,16.18,27.31,441.94,2.699
980,1978,22268,1195.13,16.18,27.38,442.98,2.698
981,1980,22268,1195.96,16.18,27.42,443.61,2.696
982,1980,22268,1197.21,16.18,27.50,444.93,2.691
983,1982,22328,1198.01,16.18,27.56,445.84,2.687
984,1982,22320,1199.72,16.17,27.63,446.85,2.685
985,1984,22320,1201.74,16.17,27.69,447.87,2.683
986,1984,22354,1203.11,16.17,27.76,448.84,2.680
987,1986,22354,1204.53,16.17,27.80,449.52,2.680
988,1986,22371,1204.81,16.17,27.95,451.89,2.666
989,1988,22397,1206.49,16.16,28.03,453.14,2.663
990,1988,22414,1208.39,16.16,28.12,454.55,2.658
991,1990,22422,1211.28,16.16,28.13,454.60,2.664
992,1990,22431,1213.53,16.16,28.11,454.45,2.670
993,1992,22448,1214.37,16.16,28.25,456.59,2.660
994,1992,22508,1215.76,16.15,28.96,467.56,2.600
995,1994,22568,1220.25,16.14,29.27,472.54,2.582
996,1994,22611,1227.79,16.14,29.33,473.58,2.593
997,1996,22645,1232.82,16.15,29.31,473.36,2.604
998,1996,22654,1238.51,16.14,29.26,472.34,2.622
999,1998,22662,1239.82,16.14,29.21,471.60,2.629
1000,1998,22671,1241.41,16.14,29.17,470.96,2.636
1001,2000,22671,1243.00,16.14,29.16,470.72,2.641
1002,2000,22680,1242.58,16.14,29.13,470.16,2.643
1003,2000,22671,1242.90,16.14,29.12,470.02,2.644
1004,2000,22671,1242.80,16.14,29.12,470.05,2.644
1005,2000,22671,1242.87,16.15,29.11,470.06,2.644
1006,2000,22671,1243.39,16.14,29.11,469.83,2.646
1007,2000,22662,1243.85,16.14,29.10,469.68,2.648
1008,2000,22662,1243.75,16.14,29.09,469.60,2.649
1009,2000,22662,1243.90,16.14,29.10,469.65,2.649
1010,2000,22662,1243.06,16.14,29.10,469.54,2.647
1011,2000,22662,1242.66,16.14,29.09,469.52,2.647
1012,2000,22662,1242.36,16.14,29.10,469.59,2.646
1013,2000,22662,1242.07,16.14,29.09,469.47,2.646
1014,2000,22654,1241.95,16.14,29.10,469.56,2.645
1015,2000,22654,1241.58,16.14,29.09,469.53,2.644
1016,2000,22645,1241.32,16.14,29.09,469.37,2.645
1017,2000,22654,1240.85,16.14,29.08,469.29,2.644
1018,2000,22645,1240.06,16.14,29.08,469.34,2.642
1019,2000,22645,1239.58,16.14,29.07,469.16,2.642
1020,2000,22645,1239.36,16.14,29.07,469.11,2.642
1021,2000,22645,1239.18,16.14,29.07,469.12,2.642
1022,2000,22645,1239.00,16.13,29.06,468.83,2.643
1023,2000,22645,1238.38,16.13,29.05,468.69,2.642
1024,2000,22628,1238.40,16.14,29.05,468.82,2.642
1025,2000,22637,1238.60,16.13,29.05,468.67,2.643
1026,2000,22628,1239.11,16.14,29.05,468.75,2.643
1027,2000,22628,1239.16,16.14,29.06,468.91,2.643
1028,2000,22628,1239.24,16.13,29.05,468.72,2.644
1029,2000,22620,1239.34,16.13,29.06,468.68,2.644
1030,2000,22620,1239.62,16.13,29.04,468.54,2.646
1031,2000,22611,1240.06,16.13,29.04,468.63,2.646
